[
  {
    "name": "Красные Ворота",
    "depth": "−31"
  },
  {
    "name": "Сухаревская",
    "depth": "−43"
  },
  {
    "name": "Тропарёво",
    "depth": "−12"
  },
  {
    "name": "Нижегородская",
    "depth": 5
  },
  {
    "name": "Новопеределкино",
    "depth": "−16"
  },
  {
    "name": "Академическая",
    "depth": "−8,5"
  },
  {
    "name": "Арбатская",
    "depth": "−8"
  },
  {
    "name": "Окружная",
    "depth": 0
  },
  {
    "name": "Киевская",
    "depth": "−8,7"
  },
  {
    "name": "Жулебино",
    "depth": "−15"
  },
  {
    "name": "Полянка",
    "depth": "−36,5"
  },
  {
    "name": "Стрешнево",
    "depth": 0
  },
  {
    "name": "Автозаводская",
    "depth": "−11"
  },
  {
    "name": "Кутузовская",
    "depth": 0
  },
  {
    "name": "Некрасовка",
    "depth": "−16"
  },
  {
    "name": "Деловой центр",
    "depth": "−30"
  },
  {
    "name": "Измайлово",
    "depth": 5
  },
  {
    "name": "Новаторская",
    "depth": "−11"
  },
  {
    "name": "Каширская",
    "depth": "−7"
  },
  {
    "name": "Нагатинская",
    "depth": "−13,5"
  },
  {
    "name": "Строгино",
    "depth": "−8"
  },
  {
    "name": "Люблино",
    "depth": "−8"
  },
  {
    "name": "Петровско-Разумовская",
    "depth": "−61"
  },
  {
    "name": "Кропоткинская",
    "depth": "−13"
  },
  {
    "name": "Проспект Вернадского",
    "depth": "−8"
  },
  {
    "name": "Солнцево",
    "depth": "−13"
  },
  {
    "name": "Охотный Ряд",
    "depth": "−15"
  },
  {
    "name": "Шоссе Энтузиастов",
    "depth": 5
  },
  {
    "name": "Спартак",
    "depth": "−10"
  },
  {
    "name": "Алтуфьево",
    "depth": "−9"
  },
  {
    "name": "Народное Ополчение",
    "depth": "−28"
  },
  {
    "name": "Говорово",
    "depth": "−14"
  },
  {
    "name": "Бунинская аллея",
    "depth": "9,6"
  },
  {
    "name": "Международная",
    "depth": "−25"
  },
  {
    "name": "Битцевский парк",
    "depth": "−10"
  },
  {
    "name": "Кожуховская",
    "depth": "−12"
  },
  {
    "name": "Авиамоторная",
    "depth": "−53"
  },
  {
    "name": "Лесопарковая",
    "depth": "−10"
  },
  {
    "name": "Окская",
    "depth": "?"
  },
  {
    "name": "Стахановская",
    "depth": "?"
  },
  {
    "name": "Телецентр",
    "depth": 6
  },
  {
    "name": "Воронцовская",
    "depth": "−21"
  },
  {
    "name": "Шипиловская",
    "depth": "−10"
  },
  {
    "name": "Ростокино",
    "depth": 0
  },
  {
    "name": "Фили",
    "depth": 0
  },
  {
    "name": "Шаболовская",
    "depth": "−46,5"
  },
  {
    "name": "Парк культуры",
    "depth": "−40"
  },
  {
    "name": "Окружная",
    "depth": "−65"
  },
  {
    "name": "Лубянка",
    "depth": "−32,5"
  },
  {
    "name": "Дубровка",
    "depth": "−62"
  },
  {
    "name": "Фрунзенская",
    "depth": "−42"
  },
  {
    "name": "Арбатская",
    "depth": "−41"
  },
  {
    "name": "Авиамоторная",
    "depth": "?"
  },
  {
    "name": "Добрынинская",
    "depth": "−35,5"
  },
  {
    "name": "Бутырская",
    "depth": "−60"
  },
  {
    "name": "Кузьминки",
    "depth": "−8"
  },
  {
    "name": "Бульвар Рокоссовского",
    "depth": "−8"
  },
  {
    "name": "Южная",
    "depth": "−10"
  },
  {
    "name": "Борисово",
    "depth": "−10"
  },
  {
    "name": "Волгоградский проспект",
    "depth": "−8"
  },
  {
    "name": "Улица Скобелевская",
    "depth": "9,6"
  },
  {
    "name": "Ленинский проспект",
    "depth": "−16"
  },
  {
    "name": "Коптево",
    "depth": 0
  },
  {
    "name": "Партизанская",
    "depth": "−9"
  },
  {
    "name": "Улица Милашенкова",
    "depth": 6
  },
  {
    "name": "Сокол",
    "depth": "−9,6"
  },
  {
    "name": "Кузнецкий Мост",
    "depth": "−39,5"
  },
  {
    "name": "Третьяковская",
    "depth": "−46"
  },
  {
    "name": "Волоколамская",
    "depth": "−14"
  },
  {
    "name": "Алма-Атинская",
    "depth": "−10"
  },
  {
    "name": "Деловой центр",
    "depth": 7
  },
  {
    "name": "Аэропорт",
    "depth": "−10"
  },
  {
    "name": "Пушкинская",
    "depth": "−51"
  },
  {
    "name": "Котельники",
    "depth": "−15"
  },
  {
    "name": "Ховрино",
    "depth": "−14"
  },
  {
    "name": "Петровско-Разумовская",
    "depth": "−61"
  },
  {
    "name": "Нахимовский проспект",
    "depth": "−9,5"
  },
  {
    "name": "Войковская",
    "depth": "−7"
  },
  {
    "name": "Площадь Гагарина",
    "depth": -5
  },
  {
    "name": "Новые Черёмушки",
    "depth": "−7"
  },
  {
    "name": "Планерная",
    "depth": "−6"
  },
  {
    "name": "Парк культуры",
    "depth": "−10,5"
  },
  {
    "name": "Савёловская",
    "depth": "−52"
  },
  {
    "name": "Дубровка",
    "depth": 0
  },
  {
    "name": "Ольховая",
    "depth": "?"
  },
  {
    "name": "Марьино",
    "depth": "−8"
  },
  {
    "name": "Озёрная",
    "depth": "−25"
  },
  {
    "name": "Улица Академика Янгеля",
    "depth": "−8"
  },
  {
    "name": "Улица Академика Королёва",
    "depth": 12
  },
  {
    "name": "Волжская",
    "depth": "−8"
  },
  {
    "name": "Рассказовка",
    "depth": "−12"
  },
  {
    "name": "Октябрьская",
    "depth": "−40"
  },
  {
    "name": "Царицыно",
    "depth": "−8"
  },
  {
    "name": "Беговая",
    "depth": "−9"
  },
  {
    "name": "Беляево",
    "depth": "−12"
  },
  {
    "name": "Дмитровская",
    "depth": "−59"
  },
  {
    "name": "Улица Сергея Эйзенштейна",
    "depth": 6
  },
  {
    "name": "Саларьево",
    "depth": "−12"
  },
  {
    "name": "Павелецкая",
    "depth": "−33,5"
  },
  {
    "name": "Братиславская",
    "depth": "−8"
  },
  {
    "name": "Таганская",
    "depth": "−53"
  },
  {
    "name": "Лефортово",
    "depth": "?"
  },
  {
    "name": "Панфиловская",
    "depth": 0
  },
  {
    "name": "Бибирево",
    "depth": "−9,5"
  },
  {
    "name": "Марьина Роща",
    "depth": "−60"
  },
  {
    "name": "Тимирязевская",
    "depth": 6
  },
  {
    "name": "Юго-Западная",
    "depth": "−8"
  },
  {
    "name": "Юго-Восточная",
    "depth": "−20"
  },
  {
    "name": "Сходненская",
    "depth": "−6"
  },
  {
    "name": "Рязанский проспект",
    "depth": "−6"
  },
  {
    "name": "Белорусская",
    "depth": "−33,1"
  },
  {
    "name": "Римская",
    "depth": "−54"
  },
  {
    "name": "Варшавская",
    "depth": "−9"
  },
  {
    "name": "Площадь Ильича",
    "depth": "−46"
  },
  {
    "name": "Чертановская",
    "depth": "−10,5"
  },
  {
    "name": "Октябрьская",
    "depth": "−50"
  },
  {
    "name": "Таганская",
    "depth": "−36"
  }
]