[
  {
    "name": "Марьина Роща",
    "date": "19.06.2010"
  },
  {
    "name": "Тимирязевская",
    "date": "20.11.2004"
  },
  {
    "name": "Юго-Западная",
    "date": "30.12.1963"
  },
  {
    "name": "Юго-Восточная",
    "date": "27.03.2020"
  },
  {
    "name": "Сходненская",
    "date": "30.12.1975"
  },
  {
    "name": "Рязанский проспект",
    "date": "31.12.1966"
  },
  {
    "name": "Белорусская",
    "date": "11.09.1938"
  },
  {
    "name": "Римская",
    "date": "28.12.1995"
  },
  {
    "name": "Варшавская",
    "date": "11.08.1969"
  },
  {
    "name": "Площадь Ильича",
    "date": "30.12.1979"
  },
  {
    "name": "Домодедовская",
    "date": "07.09.1985"
  },
  {
    "name": "Каширская",
    "date": "11.08.1969"
  },
  {
    "name": "Бульвар Рокоссовского",
    "date": "10.09.2016"
  },
  {
    "name": "Чертановская",
    "date": "08.11.1983"
  },
  {
    "name": "Октябрьская",
    "date": "13.10.1962"
  },
  {
    "name": "Таганская",
    "date": "31.12.1966"
  },
  {
    "name": "Митино",
    "date": "26.12.2009"
  },
  {
    "name": "Кунцевская",
    "date": "31.08.1965"
  },
  {
    "name": "Калужская",
    "date": "12.08.1974"
  },
  {
    "name": "Соколиная Гора",
    "date": "11.10.2016"
  },
  {
    "name": "Менделеевская",
    "date": "31.12.1988"
  },
  {
    "name": "ВДНХ",
    "date": "01.05.1958"
  },
  {
    "name": "Выставочная",
    "date": "10.09.2005"
  },
  {
    "name": "Профсоюзная",
    "date": "13.10.1962"
  },
  {
    "name": "Боровицкая",
    "date": "23.01.1986"
  },
  {
    "name": "Перово",
    "date": "30.12.1979"
  },
  {
    "name": "Спортивная",
    "date": "01.05.1957"
  },
  {
    "name": "Ломоносовский проспект",
    "date": "16.03.2017"
  },
  {
    "name": "Андроновка",
    "date": "10.09.2016"
  },
  {
    "name": "Улица Дмитриевского",
    "date": "03.06.2019"
  },
  {
    "name": "Технопарк",
    "date": "28.12.2015"
  },
  {
    "name": "Кунцевская",
    "date": "07.12.2021"
  },
  {
    "name": "Славянский бульвар",
    "date": "07.09.2008"
  },
  {
    "name": "Шоссе Энтузиастов",
    "date": "30.12.1979"
  },
  {
    "name": "Раменки",
    "date": "16.03.2017"
  },
  {
    "name": "Александровский сад",
    "date": "15.05.1935"
  },
  {
    "name": "Щёлковская",
    "date": "22.07.1963"
  },
  {
    "name": "Кунцевская",
    "date": "07.01.2008"
  },
  {
    "name": "Университет",
    "date": "12.01.1959"
  },
  {
    "name": "Марксистская",
    "date": "30.12.1979"
  },
  {
    "name": "Улица Горчакова",
    "date": "27.12.2003"
  },
  {
    "name": "Библиотека имени Ленина",
    "date": "15.05.1935"
  },
  {
    "name": "Отрадное",
    "date": "01.03.1991"
  },
  {
    "name": "Пражская",
    "date": "06.11.1985"
  },
  {
    "name": "Достоевская",
    "date": "19.06.2010"
  },
  {
    "name": "Киевская",
    "date": "14.03.1954"
  },
  {
    "name": "Мичуринский проспект",
    "date": "30.08.2018"
  },
  {
    "name": "Нижегородская",
    "date": "27.03.2020"
  },
  {
    "name": "Каховская",
    "date": "11.08.1969"
  },
  {
    "name": "Медведково",
    "date": "30.09.1978"
  },
  {
    "name": "Мичуринский проспект",
    "date": "07.12.2021"
  },
  {
    "name": "Курская",
    "date": "01.01.1950"
  },
  {
    "name": "Багратионовская",
    "date": "13.10.1961"
  },
  {
    "name": "Свиблово",
    "date": "30.09.1978"
  },
  {
    "name": "Лермонтовский проспект",
    "date": "09.11.2013"
  },
  {
    "name": "Улица 1905 года",
    "date": "30.12.1972"
  },
  {
    "name": "Бульвар Дмитрия Донского",
    "date": "26.12.2002"
  },
  {
    "name": "Речной вокзал",
    "date": "31.12.1964"
  },
  {
    "name": "Выставочный центр",
    "date": "20.11.2004"
  },
  {
    "name": "Краснопресненская",
    "date": "14.03.1954"
  },
  {
    "name": "Лухмановская",
    "date": "03.06.2019"
  },
  {
    "name": "Новогиреево",
    "date": "30.12.1979"
  },
  {
    "name": "Полежаевская",
    "date": "30.12.1972"
  },
  {
    "name": "Электрозаводская",
    "date": "31.12.2020"
  },
  {
    "name": "Румянцево",
    "date": "18.01.2016"
  },
  {
    "name": "Мякинино",
    "date": "26.12.2009"
  },
  {
    "name": "Третьяковская",
    "date": "03.01.1971"
  },
  {
    "name": "ЗИЛ",
    "date": "10.09.2016"
  },
  {
    "name": "Чистые пруды",
    "date": "15.05.1935"
  },
  {
    "name": "Зорге",
    "date": "04.11.2016"
  },
  {
    "name": "Красногвардейская",
    "date": "07.09.1985"
  },
  {
    "name": "Угрешская",
    "date": "10.09.2016"
  },
  {
    "name": "Тульская",
    "date": "08.11.1983"
  },
  {
    "name": "Тургеневская",
    "date": "05.01.1972"
  },
  {
    "name": "Трубная",
    "date": "30.08.2007"
  },
  {
    "name": "Новослободская",
    "date": "30.01.1952"
  },
  {
    "name": "Минская",
    "date": "16.03.2017"
  },
  {
    "name": "Текстильщики",
    "date": "31.12.1966"
  },
  {
    "name": "Филатов Луг",
    "date": "20.06.2019"
  },
  {
    "name": "Мнёвники",
    "date": "01.04.2021"
  },
  {
    "name": "Павелецкая",
    "date": "01.01.1950"
  },
  {
    "name": "Проспект Вернадского",
    "date": "07.12.2021"
  },
  {
    "name": "Битцевский парк",
    "date": "27.02.2014"
  },
  {
    "name": "Давыдково",
    "date": "07.12.2021"
  },
  {
    "name": "Боровицкая",
    "date": "23.01.1986"
  },
  {
    "name": "Белорусская",
    "date": "11.09.1938"
  },
  {
    "name": "Филёвский парк",
    "date": "13.10.1961"
  },
  {
    "name": "Отрадное",
    "date": "01.03.1991"
  },
  {
    "name": "Автозаводская",
    "date": "10.09.2016"
  },
  {
    "name": "Первомайская",
    "date": "21.10.1961"
  },
  {
    "name": "Киевская",
    "date": "20.03.1937"
  },
  {
    "name": "Бульвар Адмирала Ушакова",
    "date": "27.12.2003"
  },
  {
    "name": "Митино",
    "date": "26.12.2009"
  },
  {
    "name": "Хорошёвская",
    "date": "26.02.2018"
  },
  {
    "name": "Братиславская",
    "date": "25.12.1996"
  },
  {
    "name": "Сухаревская",
    "date": "05.01.1972"
  },
  {
    "name": "Лермонтовский проспект",
    "date": "09.11.2013"
  },
  {
    "name": "Кузнецкий Мост",
    "date": "17.12.1975"
  },
  {
    "name": "Полежаевская",
    "date": "30.12.1972"
  },
  {
    "name": "Верхние Лихоборы",
    "date": "22.03.2018"
  },
  {
    "name": "Деловой центр",
    "date": "26.02.2018"
  },
  {
    "name": "Театральная",
    "date": "11.09.1938"
  },
  {
    "name": "Шипиловская",
    "date": "02.12.2011"
  },
  {
    "name": "Комсомольская",
    "date": "15.05.1935"
  },
  {
    "name": "Раменки",
    "date": "16.03.2017"
  },
  {
    "name": "Новопеределкино",
    "date": "30.08.2018"
  },
  {
    "name": "Нахимовский проспект",
    "date": "08.11.1983"
  },
  {
    "name": "Студенческая",
    "date": "07.11.1958"
  },
  {
    "name": "Третьяковская",
    "date": "25.01.1986"
  },
  {
    "name": "Прокшино",
    "date": "20.06.2019"
  },
  {
    "name": "Деловой центр",
    "date": "31.01.2014"
  },
  {
    "name": "Стахановская",
    "date": "27.03.2020"
  },
  {
    "name": "Коньково",
    "date": "06.11.1987"
  },
  {
    "name": "Нижегородская",
    "date": "27.03.2020"
  },
  {
    "name": "Верхние Котлы",
    "date": "10.09.2016"
  },
  {
    "name": "Печатники",
    "date": "28.12.1995"
  },
  {
    "name": "Преображенская площадь",
    "date": "31.12.1965"
  },
  {
    "name": "Фонвизинская",
    "date": "16.09.2016"
  },
  {
    "name": "Панфиловская",
    "date": "08.11.2016"
  },
  {
    "name": "Тургеневская",
    "date": "05.01.1972"
  },
  {
    "name": "Арбатская",
    "date": "15.05.1935"
  },
  {
    "name": "Минская",
    "date": "16.03.2017"
  },
  {
    "name": "Третьяковская",
    "date": "03.01.1971"
  },
  {
    "name": "Новогиреево",
    "date": "30.12.1979"
  },
  {
    "name": "Площадь Революции",
    "date": "13.03.1938"
  },
  {
    "name": "ЗИЛ",
    "date": "10.09.2016"
  },
  {
    "name": "Рижская",
    "date": "01.05.1958"
  },
  {
    "name": "Китай-город",
    "date": "03.01.1971"
  }
]